{"cameraMode":{"drawMode":0,"name":"Shaded","section":"Shading Mode"},"sceneLighting":false,"audioPlay":false,"sceneViewState":{"showFog":true,"showMaterialUpdate":false,"showSkybox":false,"showFlares":true,"showImageEffects":true,"showParticleSystems":true},"in2DMode":false,"pivot":{"x":0.0,"y":0.8500000238418579,"z":5.960464477539063e-8},"rotation":{"x":0.3213437795639038,"y":-0.37292230129241946,"z":0.13947491347789765,"w":0.8591945767402649},"size":1.3874437808990479,"orthographic":false}