{"cameraMode":{"drawMode":0,"name":"Shaded","section":"Shading Mode"},"sceneLighting":true,"audioPlay":false,"sceneViewState":{"showFog":true,"showMaterialUpdate":false,"showSkybox":true,"showFlares":true,"showImageEffects":true,"showParticleSystems":true},"in2DMode":false,"pivot":{"x":1.8162517547607422,"y":-7.125452041625977,"z":-5.961263656616211},"rotation":{"x":0.3213437795639038,"y":-0.37292230129241946,"z":0.13947491347789765,"w":0.8591945767402649},"size":21.271347045898439,"orthographic":false}